"symptom","name_1","events_1","total_pop_1","prop_1","name_2","events_2","total_pop_2","prop_2","database","relative_risk","low_ci","up_ci"
"Abdominal pain","Reinfections",8,709,1.12834978843441,"First infection",179,2126,8.41956726246472,"CPRD",0.134015175989473,0.0663407557190713,0.270724492068551
"Anxiety","Reinfections",7,709,0.987306064880113,"First infection",253,2126,11.9002822201317,"CPRD",0.0829649286140364,0.0393410657641183,0.174961690697512
"Cough","Reinfections",13,709,1.83356840620592,"First infection",118,2126,5.55032925682032,"CPRD",0.330353087423203,0.18749394068494,0.582062342768864
"Depression","Reinfections",9,709,1.26939351198872,"First infection",218,2126,10.2539981185325,"CPRD",0.123794981948991,0.0639049509421853,0.239812367114025
"Dyspnea","Reinfections",7,709,0.987306064880113,"First infection",162,2126,7.61994355597366,"CPRD",0.12956868481081,0.0610912338167975,0.274802832333483
"Gastrointestinal issues","Reinfections",8,709,1.12834978843441,"First infection",104,2126,4.89181561618062,"CPRD",0.230660735597266,0.112942521737579,0.471074792095502
"Headache","Reinfections",11,709,1.55148095909732,"First infection",164,2126,7.7140169332079,"CPRD",0.201124909697616,0.109883936556661,0.36812686702406
"Joint pain","Reinfections",18,709,2.53878702397743,"First infection",310,2126,14.5813734713076,"CPRD",0.174111652031485,0.109089663120862,0.277889458138178
"Tinnitus and hearing problems","Reinfections",6,709,0.846262341325811,"First infection",51,2126,2.39887111947319,"CPRD",0.352775242678171,0.152048763870374,0.818489862586059
